li1@husky.neu.edu,li12345678
li2@husky.neu.edu,li12345679
li3@husky.neu.edu,li12345680
li4@husky.neu.edu,li12345681
li5@husky.neu.edu,li12345682
li6@husky.neu.edu,li12345683
li7@husky.neu.edu,li12345684
li8@husky.neu.edu,li12345685
li9@husky.neu.edu,li12345686
li10@husky.neu.edu,li12345687
li11@husky.neu.edu,li12345688
li12@husky.neu.edu,li12345689
li13@husky.neu.edu,li12345690
li14@husky.neu.edu,li12345691
li15@husky.neu.edu,li12345692
li16@husky.neu.edu,li12345693
li17@husky.neu.edu,li12345694
li18@husky.neu.edu,li12345695
li19@husky.neu.edu,li12345696
li20@husky.neu.edu,li12345697
li21@husky.neu.edu,li12345698
li22@husky.neu.edu,li12345699
li23@husky.neu.edu,li12345700
li24@husky.neu.edu,li12345701
li25@husky.neu.edu,li12345702
li26@husky.neu.edu,li12345703
li27@husky.neu.edu,li12345704
li28@husky.neu.edu,li12345705
li29@husky.neu.edu,li12345706
li30@husky.neu.edu,li12345707
li31@husky.neu.edu,li12345708
li32@husky.neu.edu,li12345709
li33@husky.neu.edu,li12345710
li34@husky.neu.edu,li12345711
li35@husky.neu.edu,li12345712
li36@husky.neu.edu,li12345713
li37@husky.neu.edu,li12345714
li38@husky.neu.edu,li12345715
li39@husky.neu.edu,li12345716
li40@husky.neu.edu,li12345717
li41@husky.neu.edu,li12345718
li42@husky.neu.edu,li12345719
li43@husky.neu.edu,li12345720
li44@husky.neu.edu,li12345721
li45@husky.neu.edu,li12345722
li46@husky.neu.edu,li12345723
li47@husky.neu.edu,li12345724
li48@husky.neu.edu,li12345725
li49@husky.neu.edu,li12345726
li50@husky.neu.edu,li12345727
li51@husky.neu.edu,li12345728
li52@husky.neu.edu,li12345729
li53@husky.neu.edu,li12345730
li54@husky.neu.edu,li12345731
li55@husky.neu.edu,li12345732
li56@husky.neu.edu,li12345733
li57@husky.neu.edu,li12345734
li58@husky.neu.edu,li12345735
li59@husky.neu.edu,li12345736
li60@husky.neu.edu,li12345737
li61@husky.neu.edu,li12345738
li62@husky.neu.edu,li12345739
li63@husky.neu.edu,li12345740
li64@husky.neu.edu,li12345741
li65@husky.neu.edu,li12345742
li66@husky.neu.edu,li12345743
li67@husky.neu.edu,li12345744
li68@husky.neu.edu,li12345745
li69@husky.neu.edu,li12345746
li70@husky.neu.edu,li12345747
li71@husky.neu.edu,li12345748
li72@husky.neu.edu,li12345749
li73@husky.neu.edu,li12345750
li74@husky.neu.edu,li12345751
li75@husky.neu.edu,li12345752
li76@husky.neu.edu,li12345753
li77@husky.neu.edu,li12345754
li78@husky.neu.edu,li12345755
li79@husky.neu.edu,li12345756
li80@husky.neu.edu,li12345757
li81@husky.neu.edu,li12345758
li82@husky.neu.edu,li12345759
li83@husky.neu.edu,li12345760
li84@husky.neu.edu,li12345761
li85@husky.neu.edu,li12345762
li86@husky.neu.edu,li12345763
li87@husky.neu.edu,li12345764
li88@husky.neu.edu,li12345765
li89@husky.neu.edu,li12345766
li90@husky.neu.edu,li12345767
li91@husky.neu.edu,li12345768
li92@husky.neu.edu,li12345769
li93@husky.neu.edu,li12345770
li94@husky.neu.edu,li12345771
li95@husky.neu.edu,li12345772
li96@husky.neu.edu,li12345773
li97@husky.neu.edu,li12345774
li98@husky.neu.edu,li12345775
li99@husky.neu.edu,li12345776
li100@husky.neu.edu,li12345777
